"Name","Size","Date Modified","Date Created"
"\\192.168.1.223\tmp\金密钥\课程视频\佛教心理学\四圣谛详解\05 四圣谛详解5 苦谛5.mp4","283.60 MB","2022-01-11 10:27:50 PM","2024-10-26 12:03:51 PM"
"\\192.168.1.223\tmp\金密钥\课程视频\佛法见修\四圣谛\16 四圣谛详解5 苦谛5.mp4","283.60 MB","2022-01-11 10:27:50 PM","2023-11-13 11:45:59 AM"
"\\192.168.1.223\tmp\金密钥\课程视频\佛教心理学\四圣谛详解\01 四圣谛详解1 苦谛1.mp4","304.94 MB","2022-02-16 11:58:23 PM","2024-10-26 12:10:48 PM"
"\\192.168.1.223\tmp\金密钥\课程视频\佛法见修\四圣谛\12 四圣谛详解1 苦谛1.mp4","304.94 MB","2022-02-16 11:29:03 PM","2023-11-13 11:44:04 AM"
"\\192.168.1.223\tmp\金密钥\课程视频\人生智慧\人生智慧系列其他\01 佛教的世界观(2010).mp4","315.00 MB","2021-12-29 2:38:24 AM","2021-12-29 2:38:24 AM"
"\\192.168.1.223\tmp\金密钥\课程视频\慧灯禅修课\慧灯禅修课第二册\13 佛教的世界观(2010).mp4","315.00 MB","2021-12-29 2:38:24 AM","2021-12-29 2:38:24 AM"
"\\192.168.1.223\tmp\金密钥\课程视频\佛法见修\佛法与生活\01 佛法融入生活：如何面对痛苦1.mp4","317.91 MB","2021-12-29 1:26:44 AM","2021-12-29 1:26:44 AM"
"\\192.168.1.223\tmp\金密钥\课程视频\慧灯禅修课\慧灯禅修课第二册\03-1 佛法融入生活：如何面对痛苦1.mp4","317.91 MB","2021-12-29 1:26:44 AM","2021-12-29 1:26:44 AM"
"\\192.168.1.223\tmp\金密钥\课程视频\佛教心理学\四圣谛详解\06 四圣谛详解6 苦谛6.mp4","323.33 MB","2022-03-08 5:02:20 AM","2024-10-26 12:17:54 PM"
"\\192.168.1.223\tmp\金密钥\课程视频\佛法见修\四圣谛\17 四圣谛详解6 苦谛6.mp4","323.33 MB","2022-03-08 5:02:20 AM","2023-11-13 11:47:40 AM"
"\\192.168.1.223\tmp\金密钥\课程视频\慧灯禅修课\慧灯禅修课第二册\02 2015马来西亚系列讲座 我们为什么不幸福.mp4","328.33 MB","2020-12-23 11:10:01 AM","2020-12-23 11:10:01 AM"
"\\192.168.1.223\tmp\金密钥\课程视频\环球系列\马来西亚\2015马来西亚系列讲座 我们为什么不幸福.mp4","328.33 MB","2020-12-23 11:10:01 AM","2020-12-23 11:10:01 AM"
"\\192.168.1.223\tmp\金密钥\课程视频\佛教心理学\四圣谛详解\03 四圣谛详解3 苦谛3.mp4","336.46 MB","2022-01-14 12:56:22 AM","2024-10-26 12:07:16 PM"
"\\192.168.1.223\tmp\金密钥\课程视频\佛法见修\四圣谛\14 四圣谛详解3 苦谛3.mp4","336.46 MB","2022-01-14 12:56:21 AM","2023-11-13 11:45:14 AM"
"\\192.168.1.223\tmp\金密钥\课程视频\佛教心理学\四圣谛详解\09 四圣谛详解9 集谛3.mp4","337.85 MB","2022-03-11 1:48:46 AM","2024-10-26 12:26:31 PM"
"\\192.168.1.223\tmp\金密钥\课程视频\佛法见修\四圣谛\20 四圣谛详解9 集谛3.mp4","337.85 MB","2022-03-11 1:48:46 AM","2023-11-13 11:48:43 AM"
"\\192.168.1.223\tmp\金密钥\课程视频\慧灯禅修课\慧灯禅修课第三册\从《佛说稻秆经》谈佛教人生观和世界观5.mp4","345.22 MB","2021-12-29 6:00:57 AM","2021-12-29 6:00:57 AM"
"\\192.168.1.223\tmp\金密钥\课程视频\经典解读\佛说稻秆经\从《佛说稻秆经》谈佛教人生观和世界观5.mp4","345.22 MB","2021-12-29 6:00:57 AM","2021-12-29 6:00:57 AM"
"\\192.168.1.223\tmp\金密钥\课程视频\佛法见修\禅定\08 慧灯禅修课39 寂止的实修法-有相寂止2.mp4","349.70 MB","2024-03-05 2:55:42 AM","2024-10-26 8:34:41 AM"
"\\192.168.1.223\tmp\金密钥\课程视频\慧灯禅修课\慧灯禅修课第四册\07-2 慧灯禅修课39 寂止的实修法-有相寂止2.mp4","349.70 MB","2024-03-05 2:55:42 AM","2024-10-26 11:14:30 PM"
"\\192.168.1.223\tmp\金密钥\课程视频\人生智慧\提升心灵\11 在内卷的时代怎么安定我们的心灵.mp4","350.21 MB","2022-01-05 10:52:18 PM","2023-11-13 11:32:33 AM"
"\\192.168.1.223\tmp\金密钥\课程视频\人生智慧\提升心灵\13 在内卷的时代怎么安定我们的心灵.mp4","350.21 MB","2022-01-05 10:52:18 PM","2022-01-05 10:52:18 PM"
"\\192.168.1.223\tmp\金密钥\课程视频\佛法见修\上师瑜伽\04 莲花生大师修法.mp4","360.99 MB","2021-12-29 6:08:53 PM","2021-12-29 6:08:53 PM"
"\\192.168.1.223\tmp\金密钥\课程视频\慧灯禅修课\慧灯禅修课第二册\01 莲花生大师修法.mp4","360.99 MB","2021-12-29 6:08:53 PM","2021-12-29 6:08:53 PM"
"\\192.168.1.223\tmp\金密钥\课程视频\佛法见修\佛法与生活\06 佛法融入生活：行为转为道用2.mp4","366.72 MB","2021-12-29 1:27:30 AM","2021-12-29 1:27:30 AM"
"\\192.168.1.223\tmp\金密钥\课程视频\慧灯禅修课\慧灯禅修课第一册\07-2 佛法融入生活：行为转为道用2.mp4","366.72 MB","2021-12-29 1:27:30 AM","2021-12-29 1:27:30 AM"
"\\192.168.1.223\tmp\金密钥\课程视频\人生智慧\智慧系列\26 《金刚经》和《心经》1.mp4","369.19 MB","2022-08-08 2:38:26 AM","2023-11-13 11:35:42 AM"
"\\192.168.1.223\tmp\金密钥\课程视频\佛教心理学\经论解读\01 《金刚经》和《心经》1.mp4","369.19 MB","2022-08-08 2:38:26 AM","2024-10-26 9:43:53 AM"
"\\192.168.1.223\tmp\金密钥\课程视频\佛法见修\禅定\10 慧灯禅修课41 寂止的实修法-有相寂止4.mp4","372.73 MB","2024-03-15 5:12:20 AM","2024-10-26 8:58:21 AM"
"\\192.168.1.223\tmp\金密钥\课程视频\慧灯禅修课\慧灯禅修课第四册\07-4 慧灯禅修课41 寂止的实修法-有相寂止4.mp4","372.73 MB","2024-03-15 5:12:20 AM","2024-10-26 11:01:59 PM"
"\\192.168.1.223\tmp\金密钥\课程视频\佛法见修\佛法见修系列其他\03 语加持的修法.mp4","376.81 MB","2021-12-29 6:06:21 PM","2021-12-29 6:06:21 PM"
"\\192.168.1.223\tmp\金密钥\课程视频\慧灯禅修课\慧灯禅修课第二册\16 语加持的修法.mp4","376.81 MB","2021-12-29 6:06:21 PM","2021-12-29 6:06:21 PM"
"\\192.168.1.223\tmp\金密钥\课程视频\佛教心理学\四圣谛详解\07 四圣谛详解7 集谛1.mp4","378.18 MB","2022-04-14 1:48:15 AM","2024-10-26 2:58:38 PM"
"\\192.168.1.223\tmp\金密钥\课程视频\佛法见修\四圣谛\18 四圣谛详解7 集谛1.mp4","378.18 MB","2022-04-14 12:30:34 AM","2023-11-13 11:47:48 AM"
"\\192.168.1.223\tmp\金密钥\课程视频\佛法见修\禅定\07 慧灯禅修课38 寂止的实修法-有相寂止1.mp4","381.89 MB","2024-03-15 5:12:20 AM","2024-10-26 8:52:30 AM"
"\\192.168.1.223\tmp\金密钥\课程视频\慧灯禅修课\慧灯禅修课第四册\07-1 慧灯禅修课38 寂止的实修法-有相寂止1.mp4","381.89 MB","2024-03-15 5:12:20 AM","2024-10-26 11:20:12 PM"
"\\192.168.1.223\tmp\金密钥\课程视频\佛法见修\禅定\09 慧灯禅修课40 寂止的实修法-有相寂止3.mp4","382.04 MB","2024-03-05 2:56:04 AM","2024-10-26 8:40:13 AM"
"\\192.168.1.223\tmp\金密钥\课程视频\慧灯禅修课\慧灯禅修课第四册\07-3 慧灯禅修课40 寂止的实修法-有相寂止3.mp4","382.04 MB","2024-03-05 2:56:04 AM","2024-10-26 11:08:13 PM"
"\\192.168.1.223\tmp\金密钥\课程视频\佛教心理学\四圣谛详解\04 四圣谛详解4 苦谛4.mp4","386.55 MB","2022-03-07 8:27:04 PM","2024-10-26 12:14:03 PM"
"\\192.168.1.223\tmp\金密钥\课程视频\佛法见修\四圣谛\15 四圣谛详解4 苦谛4.mp4","386.55 MB","2022-03-07 8:27:04 PM","2023-11-13 11:45:59 AM"
"\\192.168.1.223\tmp\金密钥\课程视频\佛法见修\佛法与生活\03 佛法融入生活：如何面对痛苦3.mp4","392.59 MB","2021-12-29 1:27:02 AM","2021-12-29 1:27:02 AM"
"\\192.168.1.223\tmp\金密钥\课程视频\慧灯禅修课\慧灯禅修课第二册\03-3 佛法融入生活：如何面对痛苦3.mp4","392.59 MB","2021-12-29 1:27:02 AM","2021-12-29 1:27:02 AM"
"\\192.168.1.223\tmp\金密钥\课程视频\佛法见修\菩提心\08 慧灯禅修课24 加行的修法-菩提心1.mp4","395.08 MB","2021-12-27 9:07:58 PM","2023-11-13 12:17:23 PM"
"\\192.168.1.223\tmp\金密钥\课程视频\慧灯禅修课\慧灯禅修课第四册\02-1 慧灯禅修课24 加行的修法-菩提心1.mp4","395.08 MB","2021-12-27 9:07:58 PM","2021-12-27 9:07:58 PM"
"\\192.168.1.223\tmp\金密钥\课程视频\佛教心理学\四圣谛详解\02 四圣谛详解2 苦谛2.mp4","399.55 MB","2022-01-11 12:15:24 AM","2024-10-26 11:53:36 AM"
"\\192.168.1.223\tmp\金密钥\课程视频\佛法见修\四圣谛\13 四圣谛详解2 苦谛2.mp4","399.55 MB","2022-01-11 12:15:24 AM","2023-11-13 11:44:42 AM"
"\\192.168.1.223\tmp\金密钥\课程视频\佛法见修\禅定\11 慧灯禅修课42 寂止的实修法-无相寂止.mp4","403.95 MB","2024-03-05 2:56:30 AM","2024-10-26 8:46:41 AM"
"\\192.168.1.223\tmp\金密钥\课程视频\慧灯禅修课\慧灯禅修课第四册\08 慧灯禅修课42 寂止的实修法-无相寂止.mp4","403.95 MB","2024-03-05 2:56:30 AM","2024-10-26 10:55:02 PM"
"\\192.168.1.223\tmp\金密钥\课程视频\佛法见修\佛法与生活\02 佛法融入生活：如何面对痛苦2.mp4","408.47 MB","2021-12-29 1:26:52 AM","2021-12-29 1:26:52 AM"
"\\192.168.1.223\tmp\金密钥\课程视频\慧灯禅修课\慧灯禅修课第二册\03-2 佛法融入生活：如何面对痛苦2.mp4","408.47 MB","2021-12-29 1:26:52 AM","2021-12-29 1:26:52 AM"
"\\192.168.1.223\tmp\金密钥\课程视频\佛法见修\修行次第\01 解脱的原理.mp4","408.68 MB","2021-09-08 3:27:20 AM","2021-09-08 3:27:20 AM"
"\\192.168.1.223\tmp\金密钥\课程视频\慧灯禅修课\慧灯禅修课第一册\09 解脱的原理.mp4","408.68 MB","2021-12-29 1:22:08 AM","2021-12-29 1:22:08 AM"
"\\192.168.1.223\tmp\金密钥\课程视频\佛法见修\上师瑜伽\07 慧灯禅修课34 加行的修法-上师瑜伽2.mp4","414.58 MB","2022-08-04 12:29:32 AM","2023-11-13 9:42:58 AM"
"\\192.168.1.223\tmp\金密钥\课程视频\慧灯禅修课\慧灯禅修课第四册\05-2 慧灯禅修课34 加行的修法-上师瑜伽2.mp4","414.58 MB","2022-08-04 5:56:38 AM","2023-11-13 11:27:56 AM"
"\\192.168.1.223\tmp\金密钥\课程视频\佛法见修\基础知识\07 三殊胜（下）.mp4","423.76 MB","2021-12-29 4:45:56 AM","2021-12-29 4:45:56 AM"
"\\192.168.1.223\tmp\金密钥\课程视频\慧灯禅修课\慧灯禅修课第一册\02-3 三殊胜（下）.mp4","423.76 MB","2021-12-29 4:45:56 AM","2021-12-29 4:45:56 AM"
"\\192.168.1.223\tmp\金密钥\课程视频\佛法见修\曼扎的修法\03 慧灯禅修课31 加行的修法-曼荼罗1.mp4","423.78 MB","2021-02-09 8:04:12 PM","2021-02-09 8:04:12 PM"
"\\192.168.1.223\tmp\金密钥\课程视频\慧灯禅修课\慧灯禅修课第四册\04-1 慧灯禅修课31 加行的修法-曼荼罗1.mp4","423.78 MB","2021-02-09 8:31:36 PM","2021-02-09 8:31:36 PM"
"\\192.168.1.223\tmp\金密钥\课程视频\经典解读\离四贪\萨迦离四贪法.mp4","428.81 MB","2021-12-29 3:56:24 AM","2024-10-26 9:03:25 AM"
"\\192.168.1.223\tmp\金密钥\课程视频\经典解读\经典解读系列其他\萨迦离四贪法.mp4","428.81 MB","2021-12-29 1:27:50 AM","2021-12-29 1:27:50 AM"
"\\192.168.1.223\tmp\金密钥\课程视频\佛法见修\佛法与生活\04 佛法融入生活：如何面对幸福.mp4","431.43 MB","2021-12-29 1:27:10 AM","2021-12-29 1:27:10 AM"
"\\192.168.1.223\tmp\金密钥\课程视频\慧灯禅修课\慧灯禅修课第二册\03-4 佛法融入生活：如何面对幸福.mp4","431.43 MB","2021-12-29 1:27:10 AM","2021-12-29 1:27:10 AM"
"\\192.168.1.223\tmp\金密钥\课程视频\环球系列\中国香港\2017香港弘法行 《四法宝鬘论》释义1.mp4","434.17 MB","2021-12-28 8:24:30 PM","2023-11-13 11:01:39 AM"
"\\192.168.1.223\tmp\金密钥\课程视频\经典解读\四法宝鬘论\2017香港弘法行 《四法宝鬘论》释义1.mp4","434.17 MB","2021-12-28 8:24:30 PM","2021-12-28 8:24:30 PM"
"\\192.168.1.223\tmp\金密钥\课程视频\佛法见修\佛法与生活\05 佛法融入生活：行为转为道用1.mp4","434.22 MB","2021-12-29 1:27:20 AM","2021-12-29 1:27:20 AM"
"\\192.168.1.223\tmp\金密钥\课程视频\慧灯禅修课\慧灯禅修课第一册\07-1 佛法融入生活：行为转为道用1.mp4","434.22 MB","2021-12-29 1:27:20 AM","2021-12-29 1:27:20 AM"
"\\192.168.1.223\tmp\金密钥\课程视频\慧灯禅修课\慧灯禅修课第三册\从《佛说稻秆经》谈佛教人生观和世界观1.mp4","439.15 MB","2020-12-23 3:08:32 PM","2020-12-23 3:08:32 PM"
"\\192.168.1.223\tmp\金密钥\课程视频\经典解读\佛说稻秆经\从《佛说稻秆经》谈佛教人生观和世界观1.mp4","439.15 MB","2020-12-23 3:08:32 PM","2020-12-23 3:08:32 PM"
"\\192.168.1.223\tmp\金密钥\课程视频\佛法见修\上师瑜伽\06 慧灯禅修课33 加行的修法-上师瑜伽1.mp4","442.80 MB","2022-07-11 12:28:50 AM","2023-11-13 9:42:37 AM"
"\\192.168.1.223\tmp\金密钥\课程视频\慧灯禅修课\慧灯禅修课第四册\05-1 慧灯禅修课33 加行的修法-上师瑜伽1.mp4","442.80 MB","2022-07-11 12:28:50 AM","2023-11-13 11:26:35 AM"
"\\192.168.1.223\tmp\金密钥\课程视频\佛法见修\金刚萨埵的修法\07 慧灯禅修课29 加行的修法-金刚萨埵2.mp4","446.95 MB","2020-12-23 6:35:51 PM","2023-11-13 12:20:47 PM"
"\\192.168.1.223\tmp\金密钥\课程视频\慧灯禅修课\慧灯禅修课第四册\03-2 慧灯禅修课29 加行的修法-金刚萨埵2.mp4","446.95 MB","2021-12-28 7:57:45 PM","2021-12-28 7:57:45 PM"
"\\192.168.1.223\tmp\金密钥\课程视频\佛法见修\皈依的修法\05 慧灯禅修课21 加行的修法-皈依1.mp4","447.28 MB","2021-12-28 10:34:25 PM","2023-11-13 12:11:22 PM"
"\\192.168.1.223\tmp\金密钥\课程视频\慧灯禅修课\慧灯禅修课第四册\01-1 慧灯禅修课21 加行的修法-皈依1.mp4","447.28 MB","2020-12-23 4:40:24 PM","2020-12-23 4:40:24 PM"
"\\192.168.1.223\tmp\金密钥\课程视频\佛法见修\金刚萨埵的修法\08 慧灯禅修课30 加行的修法-金刚萨埵3.mp4","447.64 MB","2021-12-28 7:58:24 PM","2023-11-13 12:21:35 PM"
"\\192.168.1.223\tmp\金密钥\课程视频\慧灯禅修课\慧灯禅修课第四册\03-3 慧灯禅修课30 加行的修法-金刚萨埵3.mp4","447.64 MB","2021-12-28 7:58:24 PM","2021-12-28 7:58:24 PM"
"\\192.168.1.223\tmp\金密钥\课程视频\慧灯禅修课\慧灯禅修课第三册\从《佛说稻秆经》谈佛教人生观和世界观2.mp4","451.74 MB","2020-12-23 3:09:25 PM","2020-12-23 3:09:25 PM"
"\\192.168.1.223\tmp\金密钥\课程视频\经典解读\佛说稻秆经\从《佛说稻秆经》谈佛教人生观和世界观2.mp4","451.74 MB","2020-12-23 3:09:25 PM","2020-12-23 3:09:25 PM"
"\\192.168.1.223\tmp\金密钥\课程视频\佛法见修\皈依的修法\06 慧灯禅修课22 加行的修法-皈依2.mp4","451.97 MB","2021-12-28 10:34:41 PM","2023-11-13 12:13:18 PM"
"\\192.168.1.223\tmp\金密钥\课程视频\慧灯禅修课\慧灯禅修课第四册\01-2 慧灯禅修课22 加行的修法-皈依2.mp4","451.97 MB","2021-12-28 10:34:41 PM","2021-12-28 10:34:41 PM"
"\\192.168.1.223\tmp\金密钥\课程视频\佛法见修\金刚萨埵的修法\06 慧灯禅修课28 加行的修法-金刚萨埵1.mp4","452.37 MB","2021-12-28 7:57:00 PM","2023-11-13 12:20:45 PM"
"\\192.168.1.223\tmp\金密钥\课程视频\慧灯禅修课\慧灯禅修课第四册\03-1 慧灯禅修课28 加行的修法-金刚萨埵1.mp4","452.37 MB","2021-12-28 7:57:00 PM","2021-12-28 7:57:00 PM"
"\\192.168.1.223\tmp\金密钥\课程视频\慧灯禅修课\慧灯禅修课第三册\从《佛说稻秆经》谈佛教人生观和世界观4.mp4","452.78 MB","2020-12-23 3:13:50 PM","2020-12-23 3:13:50 PM"
"\\192.168.1.223\tmp\金密钥\课程视频\经典解读\佛说稻秆经\从《佛说稻秆经》谈佛教人生观和世界观4.mp4","452.78 MB","2020-12-23 3:13:50 PM","2020-12-23 3:13:50 PM"
"\\192.168.1.223\tmp\金密钥\课程视频\佛法见修\菩提心\09 慧灯禅修课25 加行的修法-菩提心2.mp4","452.82 MB","2021-12-27 9:08:30 PM","2023-11-13 12:17:45 PM"
"\\192.168.1.223\tmp\金密钥\课程视频\慧灯禅修课\慧灯禅修课第四册\02-2 慧灯禅修课25 加行的修法-菩提心2.mp4","452.82 MB","2021-12-27 9:08:30 PM","2021-12-27 9:08:30 PM"
"\\192.168.1.223\tmp\金密钥\课程视频\佛教心理学\四圣谛详解\08 四圣谛详解8 集谛2.mp4","453.01 MB","2022-03-11 1:48:28 AM","2024-10-26 12:21:42 PM"
"\\192.168.1.223\tmp\金密钥\课程视频\佛法见修\四圣谛\19 四圣谛详解8 集谛2.mp4","453.01 MB","2022-03-11 1:48:28 AM","2023-11-13 11:48:05 AM"
"\\192.168.1.223\tmp\金密钥\课程视频\佛法见修\上师瑜伽\08 慧灯禅修课35 加行的修法-上师瑜伽3.mp4","453.43 MB","2022-08-04 5:59:07 AM","2023-11-13 9:45:21 AM"
"\\192.168.1.223\tmp\金密钥\课程视频\慧灯禅修课\慧灯禅修课第四册\05-3 慧灯禅修课35 加行的修法-上师瑜伽3.mp4","453.43 MB","2022-08-04 12:29:50 AM","2023-11-13 11:29:06 AM"
"\\192.168.1.223\tmp\金密钥\课程视频\佛法见修\生与死\06 2018新加坡系列讲座 生命的另一面-中阴（上）.mp4","457.32 MB","2020-12-23 5:05:19 PM","2024-10-26 11:48:30 PM"
"\\192.168.1.223\tmp\金密钥\课程视频\环球系列\新加坡\2018新加坡系列讲座 生命的另一面-中阴（上）.mp4","457.32 MB","2021-12-27 8:30:08 PM","2021-12-27 8:30:08 PM"
"\\192.168.1.223\tmp\金密钥\课程视频\环球系列\新加坡\2018新加坡系列讲座 殊胜的忏悔法.mp4","458.42 MB","2021-12-27 8:28:04 PM","2021-12-27 8:28:04 PM"
"\\192.168.1.223\tmp\金密钥\课程视频\经典解读\三十五佛忏悔文\2018新加坡系列讲座 殊胜的忏悔法.mp4","458.42 MB","2020-12-23 5:02:39 PM","2020-12-23 5:02:39 PM"
"\\192.168.1.223\tmp\金密钥\课程视频\佛法见修\曼扎的修法\04 慧灯禅修课32 加行的修法-曼荼罗2.mp4","458.77 MB","2021-02-09 2:40:34 AM","2021-02-09 2:40:34 AM"
"\\192.168.1.223\tmp\金密钥\课程视频\慧灯禅修课\慧灯禅修课第四册\04-2 慧灯禅修课32 加行的修法-曼荼罗2.mp4","458.77 MB","2021-02-09 2:40:34 AM","2021-02-09 2:40:34 AM"
"\\192.168.1.223\tmp\金密钥\课程视频\佛法见修\基础知识\06 三殊胜（中）.mp4","459.78 MB","2020-12-23 9:42:55 AM","2020-12-23 9:42:55 AM"
"\\192.168.1.223\tmp\金密钥\课程视频\慧灯禅修课\慧灯禅修课第一册\02-2 三殊胜（中）.mp4","459.78 MB","2021-12-29 4:45:50 AM","2021-12-29 4:45:50 AM"
"\\192.168.1.223\tmp\金密钥\课程视频\慧灯禅修课\慧灯禅修课第三册\从《佛说稻秆经》谈佛教人生观和世界观3.mp4","460.27 MB","2020-12-23 3:12:53 PM","2020-12-23 3:12:53 PM"
"\\192.168.1.223\tmp\金密钥\课程视频\经典解读\佛说稻秆经\从《佛说稻秆经》谈佛教人生观和世界观3.mp4","460.27 MB","2020-12-23 3:12:53 PM","2020-12-23 3:12:53 PM"
"\\192.168.1.223\tmp\金密钥\课程视频\佛法见修\基础知识\01 三个差别(2014).mp4","460.85 MB","2020-12-23 9:34:15 AM","2020-12-23 9:34:15 AM"
"\\192.168.1.223\tmp\金密钥\课程视频\慧灯禅修课\慧灯禅修课第一册\01 三个差别(2014).mp4","460.85 MB","2020-12-23 9:34:15 AM","2020-12-23 9:34:15 AM"
"\\192.168.1.223\tmp\金密钥\课程视频\佛法见修\皈依的修法\07 慧灯禅修课23 加行的修法-皈依3.mp4","467.99 MB","2020-05-15 2:14:02 AM","2023-11-13 12:13:40 PM"
"\\192.168.1.223\tmp\金密钥\课程视频\慧灯禅修课\慧灯禅修课第四册\01-3 慧灯禅修课23 加行的修法-皈依3.mp4","467.99 MB","2020-05-15 2:14:02 AM","2020-05-15 2:14:02 AM"
"\\192.168.1.223\tmp\金密钥\课程视频\佛法见修\菩提心\10 慧灯禅修课26 加行的修法-菩提心3.mp4","468.09 MB","2021-12-27 9:09:04 PM","2023-11-13 12:18:51 PM"
"\\192.168.1.223\tmp\金密钥\课程视频\慧灯禅修课\慧灯禅修课第四册\02-3 慧灯禅修课26 加行的修法-菩提心3.mp4","468.09 MB","2021-12-27 9:09:04 PM","2021-12-27 9:09:04 PM"
"\\192.168.1.223\tmp\金密钥\课程视频\人生智慧\智慧系列\27 《金刚经》和《心经》2.mp4","470.46 MB","2022-08-08 2:38:43 AM","2023-11-13 11:36:09 AM"
"\\192.168.1.223\tmp\金密钥\课程视频\佛教心理学\经论解读\02 《金刚经》和《心经》2.mp4","470.46 MB","2022-08-08 2:38:43 AM","2024-10-26 9:49:00 AM"
"\\192.168.1.223\tmp\金密钥\课程视频\环球系列\中国香港\2017香港弘法行 《四法宝鬘论》释义2.mp4","476.13 MB","2021-12-28 8:25:12 PM","2023-11-13 11:02:02 AM"
"\\192.168.1.223\tmp\金密钥\课程视频\经典解读\四法宝鬘论\2017香港弘法行 《四法宝鬘论》释义2.mp4","476.13 MB","2020-12-23 3:22:31 PM","2020-12-23 3:22:31 PM"
"\\192.168.1.223\tmp\金密钥\课程视频\佛法见修\基础知识\05 三殊胜（上）.mp4","479.42 MB","2021-12-29 4:45:45 AM","2021-12-29 4:45:45 AM"
"\\192.168.1.223\tmp\金密钥\课程视频\慧灯禅修课\慧灯禅修课第一册\02-1 三殊胜（上）.mp4","479.42 MB","2020-12-23 9:42:06 AM","2020-12-23 9:42:06 AM"
"\\192.168.1.223\tmp\金密钥\课程视频\佛法见修\菩提心\11 慧灯禅修课27 加行的修法-菩提心4.mp4","484.34 MB","2021-12-27 9:09:40 PM","2023-11-13 12:19:26 PM"
"\\192.168.1.223\tmp\金密钥\课程视频\慧灯禅修课\慧灯禅修课第四册\02-4 慧灯禅修课27 加行的修法-菩提心4.mp4","484.34 MB","2021-12-27 9:09:40 PM","2021-12-27 9:09:40 PM"
"\\192.168.1.223\tmp\金密钥\课程视频\佛法见修\生与死\07 2018新加坡系列讲座 生命的另一面-中阴（下）.mp4","500.90 MB","2021-12-30 6:14:30 AM","2024-10-26 11:39:25 PM"
"\\192.168.1.223\tmp\金密钥\课程视频\环球系列\新加坡\2018新加坡系列讲座 生命的另一面-中阴（下）.mp4","500.90 MB","2020-12-23 5:06:14 PM","2020-12-23 5:06:14 PM"
"\\192.168.1.223\tmp\金密钥\课程视频\人生智慧\提升心灵\12 心灵安顿法.mp4","500.95 MB","2022-01-11 10:27:06 PM","2023-11-13 11:32:47 AM"
"\\192.168.1.223\tmp\金密钥\课程视频\人生智慧\提升心灵\14 心灵安顿法.mp4","500.95 MB","2022-01-11 10:27:06 PM","2022-01-11 10:27:06 PM"
"\\192.168.1.223\tmp\金密钥\课程视频\环球系列\中国台湾\2016台湾弘法行 《三主要道论》2.mp4","501.14 MB","2021-12-28 11:39:55 PM","2023-11-13 10:13:54 AM"
"\\192.168.1.223\tmp\金密钥\课程视频\经典解读\三主要道论\2016台湾弘法行 《三主要道论》2.mp4","501.14 MB","2021-12-28 11:39:55 PM","2021-12-28 11:39:55 PM"
"\\192.168.1.223\tmp\金密钥\课程视频\佛教心理学\四圣谛详解\15 四圣谛详解15 灭谛4.mp4","521.63 MB","2022-08-29 3:12:36 AM","2024-10-26 12:46:50 PM"
"\\192.168.1.223\tmp\金密钥\课程视频\佛法见修\四圣谛\26 四圣谛详解15 灭谛4.mp4","521.63 MB","2022-08-29 3:12:36 AM","2023-11-13 11:54:33 AM"
"\\192.168.1.223\tmp\金密钥\课程视频\环球系列\中国台湾\2016台湾弘法行 《三主要道论》3.mp4","527.46 MB","2021-12-28 11:39:25 PM","2023-11-13 10:14:30 AM"
"\\192.168.1.223\tmp\金密钥\课程视频\经典解读\三主要道论\2016台湾弘法行 《三主要道论》3.mp4","527.46 MB","2020-12-23 1:41:21 PM","2020-12-23 1:41:21 PM"
"\\192.168.1.223\tmp\金密钥\课程视频\佛教心理学\四圣谛详解\19 四圣谛详解19 道谛4.mp4","555.92 MB","2022-09-27 2:48:01 AM","2024-10-26 1:10:22 PM"
"\\192.168.1.223\tmp\金密钥\课程视频\佛法见修\四圣谛\30 四圣谛详解19 道谛4.mp4","555.92 MB","2022-09-27 2:48:01 AM","2023-11-13 11:57:44 AM"
"\\192.168.1.223\tmp\金密钥\课程视频\佛教心理学\四圣谛详解\10 四圣谛详解10 集谛4.mp4","556.95 MB","2022-01-05 11:03:38 PM","2024-10-26 11:47:35 AM"
"\\192.168.1.223\tmp\金密钥\课程视频\佛法见修\四圣谛\21 四圣谛详解10 集谛4.mp4","556.95 MB","2022-01-05 11:03:38 PM","2023-11-13 11:49:41 AM"
"\\192.168.1.223\tmp\金密钥\课程视频\佛教心理学\四圣谛详解\11 四圣谛详解11 集谛5.mp4","557.47 MB","2022-01-11 12:16:30 AM","2024-10-26 11:57:59 AM"
"\\192.168.1.223\tmp\金密钥\课程视频\佛法见修\四圣谛\22 四圣谛详解11 集谛5.mp4","557.47 MB","2022-01-11 12:16:30 AM","2023-11-13 11:50:09 AM"
"\\192.168.1.223\tmp\金密钥\课程视频\佛教心理学\四圣谛详解\18 四圣谛详解18 道谛3.mp4","557.50 MB","2022-09-27 2:47:41 AM","2024-10-26 1:04:40 PM"
"\\192.168.1.223\tmp\金密钥\课程视频\佛法见修\四圣谛\29 四圣谛详解18 道谛3.mp4","557.50 MB","2022-09-27 2:47:41 AM","2023-11-13 11:57:35 AM"
"\\192.168.1.223\tmp\金密钥\课程视频\佛教心理学\四圣谛详解\16 四圣谛详解16 道谛1.mp4","560.60 MB","2022-09-06 4:08:32 AM","2024-10-26 12:52:17 PM"
"\\192.168.1.223\tmp\金密钥\课程视频\佛法见修\四圣谛\27 四圣谛详解16 道谛1.mp4","560.60 MB","2022-09-06 4:08:32 AM","2023-11-13 11:56:28 AM"
"\\192.168.1.223\tmp\金密钥\课程视频\佛教心理学\四圣谛详解\14 四圣谛详解14 灭谛3.mp4","566.68 MB","2022-08-29 3:12:00 AM","2024-10-26 12:41:13 PM"
"\\192.168.1.223\tmp\金密钥\课程视频\佛法见修\四圣谛\25 四圣谛详解14 灭谛3.mp4","566.68 MB","2022-08-29 3:12:00 AM","2023-11-13 11:54:29 AM"
"\\192.168.1.223\tmp\金密钥\课程视频\佛教心理学\四圣谛详解\13 四圣谛详解13 灭谛2.mp4","587.87 MB","2022-08-17 3:48:44 AM","2024-10-26 12:35:57 PM"
"\\192.168.1.223\tmp\金密钥\课程视频\佛法见修\四圣谛\24 四圣谛详解13 灭谛2.mp4","587.87 MB","2022-08-17 3:48:44 AM","2023-11-13 11:53:34 AM"
"\\192.168.1.223\tmp\金密钥\课程视频\佛教心理学\四圣谛详解\17 四圣谛详解17 道谛2.mp4","599.05 MB","2022-09-19 3:08:08 AM","2024-10-26 12:58:33 PM"
"\\192.168.1.223\tmp\金密钥\课程视频\佛法见修\四圣谛\28 四圣谛详解17 道谛2.mp4","599.05 MB","2022-09-19 3:08:08 AM","2023-11-13 11:56:57 AM"
"\\192.168.1.223\tmp\金密钥\课程视频\佛教心理学\四圣谛详解\12 四圣谛详解12 灭谛1.mp4","603.05 MB","2022-08-15 4:56:31 AM","2024-10-26 12:30:04 PM"
"\\192.168.1.223\tmp\金密钥\课程视频\佛法见修\四圣谛\23 四圣谛详解12 灭谛1.mp4","603.05 MB","2022-08-15 4:56:31 AM","2023-11-13 11:50:59 AM"
